{"cameraMode":{"drawMode":0,"name":"Shaded","section":"Shading Mode"},"sceneLighting":false,"audioPlay":false,"sceneViewState":{"showFog":true,"showMaterialUpdate":false,"showSkybox":false,"showFlares":true,"showImageEffects":true,"showParticleSystems":true,"showVisualEffectGraphs":true,"m_FxEnabled":true},"in2DMode":false,"pivot":{"x":0.03873465210199356,"y":0.0071366652846336369,"z":-0.013149477541446686},"rotation":{"x":-0.060778792947530749,"y":-0.9232321381568909,"z":0.16400623321533204,"w":-0.34213465452194216},"size":0.1074771136045456,"orthographic":false}